,Date Of Upload,Author,Vertical,Headline,Description
0,"June 01, 2015 12:15 IST",PTI,Other Sports,Bhanot elected Asian Athletics Association vice-President,No Description
1,"June 01, 2015 02:17 IST",AP,Other Sports,Injured Lavillenie wins,No Description
2,"June 01, 2015 00:33 IST","BENGALURU:,",Races,Smile Stone bags feature event,No Description
3,"June 01, 2015 00:32 IST","UDHAGAMANDALAM:,",Races,Panthera appeals most,No Description
4,"June 01, 2015 20:47 IST",AP,Tennis,Serena edges Sloane Stephens at French Open,No Description
5,"June 01, 2015 19:04 IST",IANS,Tennis,Federer beat Monfils to enter French Open quarters,No Description
6,"June 01, 2015 17:19 IST",AP,Tennis,French Open: Sharapova loses to Safarova,No Description
7,"June 01, 2015 01:48 IST",Agencies,Tennis,"Tsonga takes out Berdych, Wawrinka cruises",No Description
8,"June 01, 2015 01:31 IST",Special Correspondent,Tennis,The focus is on the lesser lights,No Description
9,"June 01, 2015 17:37 IST",AP,Technology,"Microsoft Windows 10, with mobile in mind, arrives in July",No Description
10,"June 01, 2015 00:21 IST",IANS,Technology,"Now, post animated GIFs on Facebook",No Description
11,"June 04, 2015 14:18 IST",MADHULIKA GAUTAMA,Metroplus,Fashion from the Riviera,No Description
12,"June 01, 2015 19:37 IST",IANS,Metroplus,‘Baahubali’ trailer released,No Description
13,"June 01, 2015 18:58 IST",SHILPA SEBASTIAN R.,Metroplus,Printed for life,No Description
14,"June 01, 2015 18:03 IST","June 01, 2015 18:03 IST",Metroplus,Films from afar,No Description
15,"June 02, 2015 20:20 IST",DIVYA KUMAR,Metroplus,Ten things you can learn,No Description
16,"June 01, 2015 17:50 IST",NIKHIL VARMA,Metroplus,Mob wars and more,No Description
17,"June 01, 2015 17:28 IST",PTI,International,MERS virus: More than 680 isolated in South Korea,No Description
18,"June 01, 2015 17:00 IST",AP,International,Italian premier's party heading to victory in 5 of 7 regions,No Description
19,"June 01, 2015 15:59 IST",AP,International,Beijing cracks down on smoking in public buildings,No Description
